,ventrate,qrs,avcanba,avcanoa,avcarbp2,avcaroa2,avcanoa3,avcaroa4,avcanba5,oaroa5,estrgn1,lipid1,minfa10,cgrtts10,climb125,wksblk25,wk1blk25,bathe25,rawpf_s1,rawgh_s1,rawvt_s1,mh_s1,age_s1,stroke
287,65.0,20.0,19.282207243589745,19.8742410625,19.354928,15.152777777777779,18.480420525423728,15.953231306122449,19.223779178947368,0.0,0.0,0.0,10.0,0.0,2.0,1.0,2.0,2.0,17.0,20.4,14.0,88.0,80,0.0
284,72.0,102.0,19.282207243589745,19.8742410625,19.354928,15.152777777777779,18.480420525423728,15.953231306122449,11.0,0.0,0.0,0.0,10.0,0.0,2.0,1.0,2.0,2.0,18.0,25.0,17.0,96.0,64,0.0
43,57.0,-15.0,19.282207243589745,19.8742410625,19.354928,15.152777777777779,18.480420525423728,15.953231306122449,19.223779178947368,6.0,0.0,0.0,10.0,0.0,2.0,1.0,2.0,2.0,16.0,10.0,14.0,72.0,71,0.0
262,76.0,70.0,19.282207243589745,19.8742410625,19.354928,15.152777777777779,18.480420525423728,15.953231306122449,19.223779178947368,0.0,0.0,0.0,20.0,0.0,2.0,1.0,2.0,2.0,13.0,10.0,11.0,88.0,58,0.0
2,81.0,30.0,19.282207243589745,19.8742410625,19.354928,15.152777777777779,18.480420525423728,15.953231306122449,19.223779178947368,0.0,0.0,0.0,10.0,0.0,0.0,2.0,2.0,2.0,20.0,20.4,21.0,84.0,47,0.0
