ventrate,qrs,avcanba,avcanoa,avcarbp2,avcaroa2,avcanoa3,avcaroa4,avcanba5,oaroa5,estrgn1,lipid1,minfa10,cgrtts10,climb125,wksblk25,wk1blk25,bathe25,rawpf_s1,rawgh_s1,rawvt_s1,mh_s1,age_s1
10.377197664272922,55.552353997172176,2.162693983412552,1.8132413476191727,2.5639396893039486,2.2219526049939913,2.0066345218081936,1.8914376073257155,2.4380538490461703,7.508109174881694,0.36545767764565884,0.41443815870268896,34.23416106381198,0.77848370896094,1.251255394618308,1.1830994903996606,1.2855251238433802,1.3511417012407714,5.271892412227253,3.882337675880617,4.019063759802942,15.1432140284443,10.706235851719567
