ventrate,qrs,avcanba,avcanoa,avcarbp2,avcaroa2,avcanoa3,avcaroa4,avcanba5,oaroa5,estrgn1,lipid1,minfa10,cgrtts10,climb125,wksblk25,wk1blk25,bathe25,rawpf_s1,rawgh_s1,rawvt_s1,mh_s1,age_s1
10.377197664272922,55.55235399717218,2.162693983412552,1.8132413476191729,2.563939689303949,2.2219526049939917,2.0066345218081936,1.8914376073257155,2.4380538490461703,7.508109174881693,0.1,0.1,34.23416106381198,0.77848370896094,0.1,0.1,0.1,0.1,5.271892412227253,3.882337675880617,4.0190637598029415,15.1432140284443,0.1
