ventrate,qrs,avhnoa3,oaroa5,systbp,diasbp,rest10,minfa10,shots10,cgrtts10,modact25,lift25,climbs25,climb125,wksblk25,wk1blk25,bathe25,hlthlm25,rawpf_s1,pf_s1,rawbp_s1,rawgh_s1,gh_s1,rawvt_s1,mh_s1,pcs_s1,mcs_s1,age_s1,bmi_s1,weight,height
10.748339597962357,63.51326554472083,5.618462914524341,8.873183077476842,19.017488835834165,9.357490320062599,0.05,30.9525365690977,0.5,0.6808796930287919,0.05,0.05,0.05,0.05,0.05,0.05,0.05,0.05,5.081930521235337,24.256181451677627,2.5139672384425515,3.773091703192246,18.38928575487037,4.007602101714615,15.017858087252474,10.730554115984242,7.991917585126766,10.104523971087122,5.504748843063859,17.78519243997969,9.226857274209097
