nsrrid,ventrate,qrs,avhnoa3,oaroa5,systbp,diasbp,rest10,minfa10,shots10,cgrtts10,modact25,lift25,climbs25,climb125,wksblk25,wk1blk25,bathe25,hlthlm25,rawpf_s1,pf_s1,rawbp_s1,rawgh_s1,gh_s1,rawvt_s1,mh_s1,pcs_s1,mcs_s1,age_s1,bmi_s1,weight,height,stroke
1.0,60.0,61.0,17.0,0.0,137.0,63.0,2.0,15.0,0.0,0.0,2.0,0.0,0.0,0.0,0.0,0.0,0.0,4.0,26.66666667,83.33333333,8.2,17.0,60.0,15.0,40.0,45.71744079,38.28535832,70.0,29.34957975,85.0,168.0,0.0
1.0,54.01,55.0,4.0,25.0,20.0,132.0,0.0,65.0,0.0,10.0,3.0,2.0,0.0,0.0,0.0,0.0,0.0,0.0,61.0,76.0,18.0,28.88,94.44,22.44,9.4,87.0,54.26,174.0,0.0,33.44,103.0,1.0
1.0,54.01,55.0,4.0,25.0,20.0,132.0,0.0,65.0,0.0,10.0,3.0,2.0,0.0,0.0,0.0,0.0,0.0,0.0,61.0,76.0,18.0,28.88,94.44,22.44,9.4,87.0,54.26,174.0,0.0,33.44,103.0,1.0
1.0,55.0,103.0,25.0,20.0,132.0,65.0,0.0,10.0,0.0,0.0,3.0,2.0,0.0,0.0,0.0,0.0,0.0,4.0,28.88,94.44,9.4,22.44,87.0,18.0,76.0,54.26,54.01,61.0,33.44,103.0,174.0,0.0
1.0,81.0,30.0,12.0,0.0,110.0,71.0,4.0,10.0,0.0,0.0,2.0,1.0,0.0,0.0,2.0,2.0,2.0,4.0,20.0,50.0,5.0,20.4,77.0,21.0,84.0,38.789104521,49.901252965,47.0,37.792894936,101.4,164.4,0.0
