lift25,weight,bathe25,rawvt_s1,height,mh_s1,minfa10,hlthlm25,mcs_s1,age_s1,modact25,diasbp,climbs25,wk1blk25,gh_s1,cgrtts10,bmi_s1,pcs_s1,ventrate,wksblk25,rawpf_s1,shots10,oaroa5,rest10,rawgh_s1,qrs,avhnoa3,pf_s1,systbp,rawbp_s1,climb125
0.05,17.78519243997969,0.05,4.007602101714615,9.226857274209097,15.017858087252474,30.9525365690977,0.05,7.991917585126766,10.104523971087122,0.05,9.357490320062599,0.05,0.05,18.38928575487037,0.6808796930287919,5.504748843063859,10.730554115984242,10.748339597962357,0.05,5.081930521235337,0.1985401714189922,8.873183077476842,0.05,3.773091703192246,63.51326554472083,5.618462914524341,24.256181451677627,19.017488835834165,2.5139672384425515,0.05
