ventrate,qrs,avcanba,avcanoa,avcarbp2,avcaroa2,avcanoa3,avcaroa4,avcanba5,oaroa5,estrgn1,lipid1,minfa10,cgrtts10,climb125,wksblk25,wk1blk25,bathe25,rawpf_s1,rawgh_s1,rawvt_s1,mh_s1,age_s1
10.748339597962357,63.513265544720795,2.2495703525666397,1.8854484657897856,2.397972932117044,1.2008192701157214,2.035384224907345,0.9004969915436988,2.2872346565532045,8.873183077476849,0.3509979402633572,0.45902324683737417,30.95253656909776,0.6808796930287914,0.7026863567353709,0.7529873614843636,0.5793164772600309,0.5182940888547782,5.081930521235344,3.7730917031922453,4.007602101714616,15.017858087252474,10.104523971087122
